-- 用户数据
INSERT INTO "user" (username, password, email, name, role, last_login) VALUES
('admin', 'admin123', 'admin@example.com', '管理员', 'admin', '2025-12-22 11:45:00'),
('user1', 'user123', 'user1@example.com', '用户1', 'user', '2025-12-21 10:30:00'),
('user2', 'user123', 'user2@example.com', '用户2', 'user', '2025-12-20 09:15:00');

-- 资产数据
INSERT INTO asset (code, name, currentprice, changePercent, marketValue, industry, position, costPrice, dailyGain, totalGain, weight, pe, pb, dividendYield, volatility, beta, sharpeRatio, maxDrawdown) VALUES
('AAPL', '苹果公司', 185.25, 2.35, 2850000000, '科技', 15000, 175.50, 14625.00, 146250.00, 12.5, 28.5, 8.2, 0.65, 0.85, 1.25, 1.85, 15.2),
('MSFT', '微软公司', 420.50, 1.85, 3120000000, '科技', 8000, 410.25, 8200.00, 82000.00, 10.2, 32.1, 12.5, 0.75, 0.78, 1.15, 1.92, 12.8),
('GOOGL', '谷歌公司', 145.80, 3.20, 1850000000, '科技', 12000, 140.20, 6720.00, 67200.00, 8.5, 25.8, 6.5, 0.50, 0.92, 1.35, 1.75, 18.5),
('TSLA', '特斯拉', 245.60, -1.25, 780000000, '科技', 3000, 250.00, -1320.00, -13200.00, 3.2, 45.2, 15.8, 0.00, 1.25, 1.85, 1.25, 25.5),
('JPM', '摩根大通', 165.30, 2.10, 480000000, '金融', 5000, 160.00, 2650.00, 26500.00, 5.5, 12.5, 1.8, 2.50, 0.65, 0.95, 1.65, 10.2),
('BAC', '美国银行', 35.80, 1.85, 320000000, '金融', 8000, 34.50, 1040.00, 10400.00, 4.2, 11.2, 1.2, 2.80, 0.72, 1.05, 1.55, 12.5),
('WMT', '沃尔玛', 165.50, 0.95, 450000000, '消费', 6000, 163.00, 1500.00, 15000.00, 6.8, 28.5, 5.2, 1.50, 0.55, 0.75, 1.85, 8.5),
('PG', '宝洁', 158.20, 1.25, 380000000, '消费', 5000, 155.00, 1600.00, 16000.00, 5.2, 24.8, 4.5, 2.20, 0.48, 0.65, 1.95, 7.2),
('JNJ', '强生', 168.50, 0.85, 520000000, '医疗', 7000, 166.00, 1750.00, 17500.00, 7.5, 22.5, 4.8, 2.50, 0.52, 0.68, 1.88, 9.5),
('PFE', '辉瑞', 42.30, 1.50, 280000000, '医疗', 12000, 41.50, 960.00, 9600.00, 4.5, 15.2, 2.5, 3.20, 0.58, 0.72, 1.72, 11.2),
('CAT', '卡特彼勒', 285.60, 2.50, 350000000, '工业', 4000, 278.00, 3040.00, 30400.00, 4.8, 18.5, 3.2, 1.80, 0.75, 1.15, 1.65, 14.5),
('BA', '波音', 220.40, -0.85, 420000000, '工业', 5000, 225.00, -2300.00, -23000.00, 5.5, 25.2, 4.5, 0.00, 1.15, 1.45, 1.25, 22.5),
('XOM', '埃克森美孚', 105.50, 1.20, 450000000, '能源', 8000, 103.00, 2000.00, 20000.00, 6.2, 12.8, 2.2, 3.50, 0.68, 0.88, 1.55, 13.5),
('CVX', '雪佛龙', 155.80, 1.85, 380000000, '能源', 6000, 152.00, 2280.00, 22800.00, 5.8, 14.2, 2.8, 3.80, 0.72, 0.92, 1.62, 15.2),
('VZ', '威瑞森', 38.50, 0.65, 320000000, '通信', 10000, 38.00, 500.00, 5000.00, 4.5, 12.5, 1.5, 5.20, 0.45, 0.55, 1.95, 6.5);

-- 风险事件数据
INSERT INTO risk_event (event_date, type, severity, description, impact, status) VALUES
('2024-01-15', '市场风险', '高', '股市大幅下跌', '-5.2%', '已处理'),
('2024-03-20', '流动性风险', '中', '市场流动性紧张', '-2.5%', '已处理'),
('2024-06-10', '信用风险', '低', '部分债券信用评级下调', '-1.2%', '已处理'),
('2024-09-05', '市场风险', '中', '科技股波动加剧', '-3.8%', '已处理'),
('2024-11-18', '操作风险', '低', '系统故障导致交易延迟', '-0.5%', '已处理');

-- 投资组合趋势数据
INSERT INTO portfolio_trend (date, portfolio, benchmark, volume) VALUES
('2024-01', 100.0, 100.0, 1200000),
('2024-02', 105.0, 102.0, 1350000),
('2024-03', 108.0, 105.0, 1420000),
('2024-04', 112.0, 108.0, 1580000),
('2024-05', 115.0, 110.0, 1650000),
('2024-06', 118.0, 112.0, 1720000),
('2024-07', 122.0, 115.0, 1850000),
('2024-08', 125.0, 118.0, 1920000),
('2024-09', 128.0, 120.0, 1980000),
('2024-10', 132.0, 123.0, 2050000),
('2024-11', 135.0, 125.0, 2120000),
('2024-12', 138.0, 128.0, 2200000);

-- 月度收益数据
INSERT INTO monthly_return (`month`, returnRate, benchmarkRate, excessReturn) VALUES
('1月', 2.5, 1.8, 0.7),
('2月', 3.2, 2.1, 1.1),
('3月', 2.8, 2.5, 0.3),
('4月', 3.5, 2.8, 0.7),
('5月', 2.7, 2.0, 0.7),
('6月', 2.6, 2.2, 0.4),
('7月', 3.4, 2.7, 0.7),
('8月', 2.5, 2.2, 0.3),
('9月', 2.4, 1.7, 0.7),
('10月', 3.1, 2.5, 0.6),
('11月', 2.3, 1.6, 0.7),
('12月', 2.2, 2.4, -0.2);

-- 资产配置数据
INSERT INTO distribution_allocation (category, `value`, color) VALUES
('股票', 45.5, '#1890ff'),
('债券', 25.3, '#52c41a'),
('现金', 15.2, '#faad14'),
('其他', 14.0, '#f5222d');

-- 历史配置数据
INSERT INTO distribution_historical (date, stock_percentage, bond_percentage, cash_percentage) VALUES
('2024-01', 62.5, 28.5, 9.0),
('2024-02', 63.2, 27.8, 9.0),
('2024-03', 64.0, 27.0, 9.0),
('2024-04', 63.5, 27.5, 9.0),
('2024-05', 64.2, 26.8, 9.0),
('2024-06', 63.8, 27.2, 9.0),
('2024-07', 64.5, 26.5, 9.0),
('2024-08', 64.0, 27.0, 9.0),
('2024-09', 63.2, 27.8, 9.0),
('2024-10', 64.5, 26.5, 9.0),
('2024-11', 65.0, 26.0, 9.0),
('2024-12', 65.5, 25.3, 9.2);

-- 回撤数据
INSERT INTO risk_drawdown (date, price, drawdown) VALUES
('2024-12-01', 1250.50, -5.2),
('2024-12-02', 1260.25, -4.8),
('2024-12-03', 1270.80, -4.2),
('2024-12-04', 1280.50, -3.5),
('2024-12-05', 1290.20, -2.8),
('2024-12-06', 1300.00, -2.0),
('2024-12-07', 1310.50, -1.2),
('2024-12-08', 1320.80, -0.5),
('2024-12-09', 1330.20, 0.2),
('2024-12-10', 1340.50, 1.0),
('2024-12-11', 1350.80, 1.8),
('2024-12-12', 1360.20, 2.5),
('2024-12-13', 1370.50, 3.2),
('2024-12-14', 1380.80, 4.0),
('2024-12-15', 1390.20, 4.8),
('2024-12-16', 1400.50, 5.5),
('2024-12-17', 1410.80, 6.2),
('2024-12-18', 1420.20, 7.0),
('2024-12-19', 1430.50, 7.8),
('2024-12-20', 1440.80, 8.5),
('2024-12-21', 1450.20, 9.2),
('2025-12-01', 1250.50, -5.2),
('2025-12-02', 1260.25, -4.8),
('2024-12-22', 1460.50, 10.0);

